{"Name":"GoodBonus","Position":{"x":-4.442042350769043,"y":-0.30802369117736819,"z":-1.4445850849151612},"Rotation":{"x":0.0,"y":0.0,"z":0.0,"w":1.0},"GDisInteractable":true}