{"Name":"BadBonus","Position":{"x":-4.354000091552734,"y":-0.1580236852169037,"z":-3.194585084915161},"Rotation":{"x":0.0,"y":0.0,"z":0.0,"w":1.0},"BBisInteractable":true}