{"Name":"Player","Position":{"x":-4.440000057220459,"y":0.3799999952316284,"z":-4.269999980926514},"Rotation":{"x":0.0,"y":0.0,"z":0.0,"w":1.0},"Health":100,"PlayerDead":false}